<?xml version="1.0" encoding="UTF-8"?>
<project-private xmlns="http://www.netbeans.org/ns/project-private/1">
    <editor-bookmarks xmlns="http://www.netbeans.org/ns/editor-bookmarks/2" lastBookmarkId="0"/>
    <open-files xmlns="http://www.netbeans.org/ns/projectui-open-files/2">
        <group>
            <file>file:/C:/Users/PC/Documents/UITM/PENERAPAN/SEM%204/LECTURE/CSC584/lab/PersonalProfileApp/web/profile_form.html</file>
            <file>file:/C:/Users/PC/Documents/UITM/PENERAPAN/SEM%204/LECTURE/CSC584/lab/PersonalProfileApp/web/css/style.css</file>
        </group>
    </open-files>
</project-private>
